{
  "title": "redo hahaha",
  "id": "redo-hahaha",
  "system": "pf2e",
  "joinTheme": "default",
  "coreVersion": "12.331",
  "compatibility": {
    "minimum": "12",
    "verified": "12"
  },
  "systemVersion": "6.6.2",
  "lastPlayed": "Sun Jul 20 2025 13:51:18 GMT-0400 (Eastern Daylight Time)",
  "playtime": 20536,
  "packs": [
    {
      "label": "Mass Edit: Presets (MAIN)",
      "type": "JournalEntry",
      "ownership": {
        "GAMEMASTER": "NONE",
        "PLAYER": "NONE",
        "ASSISTANT": "NONE"
      },
      "name": "mass-edit-presets-main",
      "path": "packs/mass-edit-presets-main",
      "system": "pf2e",
      "flags": {}
    }
  ]
}